Model,MAE (min),RMSE (min),R²
Random Forest,0.7696715897535836,1.8097693351073099,0.982114404645192
Gradient Boosting,0.9373776369879597,1.5805874813714935,0.9863574979917591
Linear Regression,3.2325917947623974,4.121419359517135,0.9072421734088908
Ridge (α=1.0),3.233658032671239,4.121137953338094,0.9072548397901301
