Model 1,Model 2,Mean Diff (min),t-statistic,p-value,Significant (α=0.05)
Ridge (α=1.0),Random Forest,2.6446485750204918,47.802177262778486,1.145762326809203e-06,Yes
Linear Regression,Random Forest,2.6442785138605247,47.742046087684436,1.1515371444654613e-06,Yes
Linear Regression,Gradient Boosting,2.4148873443794896,40.98497296112197,2.118024471431778e-06,Yes
Ridge (α=1.0),Gradient Boosting,2.4152574055394567,40.953684590977524,2.124491665803552e-06,Yes
Random Forest,Gradient Boosting,-0.2293911694810351,-7.689382500508688,0.001538643837197404,Yes
Linear Regression,Ridge (α=1.0),-0.0003700611599675163,-1.2384697653786607,0.2832563321764568,No
